epoch,time,train/box_loss,train/cls_loss,train/dfl_loss,metrics/precision(B),metrics/recall(B),metrics/mAP50(B),metrics/mAP50-95(B),val/box_loss,val/cls_loss,val/dfl_loss,lr/pg0,lr/pg1,lr/pg2
1,12.489,3.91373,6.01469,4.20194,0.0003,0.03863,0.00023,9e-05,3.89618,4.48811,4.15134,0.00025722,0.00025722,0.00025722
2,22.8,3.65748,5.60632,3.98054,0.00019,0.03542,0.00012,5e-05,3.8676,4.47318,4.12925,0.000526636,0.000526636,0.000526636
3,32.4291,2.9843,4.88677,3.39479,0.00027,0.04311,0.00018,7e-05,3.88748,4.54126,4.16296,0.000793902,0.000793902,0.000793902
4,42.0691,2.69854,4.10076,2.88863,0.0006,0.07325,0.00054,0.00021,3.58913,4.59576,3.74858,0.00105902,0.00105902,0.00105902
5,51.7801,2.51758,3.39799,2.63442,0.0005,0.08174,0.001,0.00026,3.13992,4.54861,3.27266,0.00132198,0.00132198,0.00132198
6,62.5111,2.29486,2.83392,2.40298,0.00117,0.00786,0.0024,0.00039,3.07188,11.3222,4.00352,0.00140071,0.00140071,0.00140071
7,72.2171,2.19574,2.52946,2.2979,0.41746,0.08638,0.04618,0.0178,2.28935,3.18408,2.55488,0.00139505,0.00139505,0.00139505
8,81.8381,2.10017,2.27204,2.16792,0.57038,0.20254,0.15594,0.06436,2.1278,2.44736,2.28617,0.00138939,0.00138939,0.00138939
9,91.4131,2.02285,2.12452,2.10743,0.66747,0.33756,0.3414,0.15618,1.93971,1.95695,2.10513,0.00138373,0.00138373,0.00138373
10,101.033,1.94916,1.9677,2.06936,0.72241,0.35197,0.3872,0.18202,1.86147,1.80723,2.08556,0.00137807,0.00137807,0.00137807
11,110.783,1.90072,1.87272,1.9972,0.75471,0.35705,0.40072,0.17904,1.81545,2.28986,2.06042,0.00137241,0.00137241,0.00137241
12,120.782,1.87941,1.81938,1.96198,0.78191,0.39721,0.43839,0.20946,1.82071,1.58093,2.00115,0.00136675,0.00136675,0.00136675
13,130.588,1.84784,1.73981,1.91212,0.75113,0.36027,0.35619,0.15894,1.89308,2.11427,2.04884,0.00136109,0.00136109,0.00136109
14,140.053,1.83242,1.69256,1.89235,0.81488,0.41722,0.45481,0.20906,1.74593,1.81271,1.92479,0.00135544,0.00135544,0.00135544
15,154.541,1.80666,1.61539,1.85687,0.77391,0.40193,0.43398,0.20617,1.81445,1.7317,1.95944,0.00134978,0.00134978,0.00134978
16,165.279,1.78412,1.59924,1.84822,0.83758,0.44413,0.49974,0.25051,1.68891,1.41356,1.91106,0.00134412,0.00134412,0.00134412
17,175.057,1.76567,1.54858,1.83345,0.79276,0.35838,0.39535,0.13473,2.26689,1.77058,2.25776,0.00133846,0.00133846,0.00133846
18,184.824,1.74935,1.50156,1.8147,0.84593,0.42469,0.4877,0.23748,1.78882,1.5542,1.93834,0.0013328,0.0013328,0.0013328
19,194.539,1.71378,1.47419,1.78559,0.87033,0.43103,0.48881,0.25633,1.71131,1.42391,1.85941,0.00132714,0.00132714,0.00132714
20,204.244,1.70621,1.43319,1.76966,0.88095,0.44556,0.52924,0.26022,1.71663,1.31365,1.80023,0.00132148,0.00132148,0.00132148
21,213.982,1.69592,1.42821,1.74557,0.85855,0.46686,0.52859,0.27664,1.58509,1.27074,1.71185,0.00131582,0.00131582,0.00131582
22,223.815,1.68747,1.4055,1.7366,0.87073,0.46497,0.50552,0.26453,1.61461,1.31914,1.69913,0.00131016,0.00131016,0.00131016
23,233.627,1.6451,1.34929,1.69892,0.87591,0.47907,0.53331,0.26385,1.67265,1.31581,1.7925,0.00130451,0.00130451,0.00130451
24,243.492,1.64177,1.31502,1.69742,0.88169,0.46621,0.52304,0.27962,1.61062,1.26193,1.74138,0.00129885,0.00129885,0.00129885
25,253.394,1.6422,1.32953,1.70422,0.91165,0.4449,0.53882,0.26462,1.74313,1.272,1.8293,0.00129319,0.00129319,0.00129319
26,263.46,1.64548,1.35487,1.71394,0.85967,0.47057,0.52566,0.27267,1.6677,1.25344,1.80757,0.00128753,0.00128753,0.00128753
27,274.794,1.61941,1.33041,1.67877,0.8737,0.46413,0.53366,0.27964,1.6207,1.18325,1.70591,0.00128187,0.00128187,0.00128187
28,284.548,1.6065,1.28954,1.67531,0.87737,0.48119,0.54987,0.29723,1.65856,1.12474,1.72505,0.00127621,0.00127621,0.00127621
29,294.296,1.58081,1.21326,1.65154,0.92071,0.48688,0.56612,0.32119,1.52392,1.13681,1.66893,0.00127055,0.00127055,0.00127055
30,304.135,1.61271,1.2471,1.65301,0.90039,0.49464,0.554,0.31189,1.52864,1.10626,1.67874,0.00126489,0.00126489,0.00126489
31,313.797,1.57297,1.23993,1.63923,0.91786,0.52487,0.57661,0.31934,1.54952,1.04703,1.68324,0.00125923,0.00125923,0.00125923
32,323.758,1.57642,1.20421,1.63246,0.89953,0.45825,0.55386,0.28318,1.65577,1.22369,1.72087,0.00125358,0.00125358,0.00125358
33,333.77,1.56221,1.17495,1.62075,0.90391,0.50873,0.56611,0.27768,1.71176,1.16026,1.8142,0.00124792,0.00124792,0.00124792
34,343.576,1.53084,1.15729,1.59307,0.91355,0.52443,0.59131,0.3208,1.54996,1.03396,1.67841,0.00124226,0.00124226,0.00124226
35,353.413,1.52878,1.13629,1.60863,0.89987,0.50319,0.56957,0.33268,1.49086,1.0434,1.66008,0.0012366,0.0012366,0.0012366
36,363.196,1.54802,1.18711,1.60083,0.89478,0.51999,0.57695,0.30389,1.57692,1.05187,1.68928,0.00123094,0.00123094,0.00123094
37,372.909,1.52141,1.12919,1.58682,0.89741,0.4816,0.56522,0.26727,1.80117,1.16553,1.89629,0.00122528,0.00122528,0.00122528
38,382.66,1.55222,1.13731,1.60155,0.8907,0.53175,0.58268,0.32515,1.56043,1.076,1.65165,0.00121962,0.00121962,0.00121962
39,392.389,1.51495,1.13145,1.59224,0.93157,0.52224,0.58811,0.32632,1.57604,1.02388,1.69141,0.00121396,0.00121396,0.00121396
40,402.459,1.51417,1.11457,1.58689,0.92343,0.52247,0.58216,0.31907,1.58138,1.05061,1.67225,0.00120831,0.00120831,0.00120831
41,413.005,1.50406,1.12879,1.57003,0.90076,0.5061,0.58429,0.31685,1.59382,1.10243,1.69266,0.00120265,0.00120265,0.00120265
42,422.826,1.48499,1.08075,1.56502,0.91567,0.5223,0.59,0.34794,1.47167,0.97094,1.60132,0.00119699,0.00119699,0.00119699
43,432.579,1.48878,1.10773,1.57314,0.91265,0.54494,0.59448,0.35039,1.42719,0.94161,1.56205,0.00119133,0.00119133,0.00119133
44,442.239,1.4974,1.08741,1.57207,0.89853,0.53627,0.57652,0.32265,1.50908,1.01831,1.65285,0.00118567,0.00118567,0.00118567
45,452.109,1.48783,1.09038,1.54926,0.92062,0.54118,0.59255,0.34861,1.44588,0.93499,1.57079,0.00118001,0.00118001,0.00118001
46,461.968,1.45524,1.04558,1.54293,0.90814,0.49232,0.57026,0.33224,1.42534,1.04767,1.58671,0.00117435,0.00117435,0.00117435
47,471.747,1.47568,1.04245,1.5507,0.91608,0.51875,0.59927,0.33749,1.49193,0.97736,1.61433,0.00116869,0.00116869,0.00116869
48,481.438,1.46053,1.03994,1.53838,0.93431,0.55162,0.60397,0.34788,1.46631,0.90456,1.5713,0.00116303,0.00116303,0.00116303
49,491.194,1.451,1.03794,1.52083,0.89122,0.53783,0.58825,0.34045,1.4631,0.97654,1.5639,0.00115738,0.00115738,0.00115738
50,500.916,1.44086,1.04044,1.52657,0.94099,0.5356,0.62789,0.36949,1.45056,0.90852,1.60433,0.00115172,0.00115172,0.00115172
51,510.679,1.42777,0.99638,1.50963,0.88673,0.55959,0.60302,0.35839,1.39231,0.90403,1.53615,0.00114606,0.00114606,0.00114606
52,520.413,1.46373,1.03844,1.51491,0.93973,0.53936,0.60386,0.35287,1.43047,0.94373,1.55854,0.0011404,0.0011404,0.0011404
53,530.173,1.43679,1.01456,1.51564,0.94441,0.54507,0.61377,0.37358,1.37769,0.86659,1.51089,0.00113474,0.00113474,0.00113474
54,540.248,1.40488,0.99792,1.48651,0.93115,0.56169,0.71855,0.41896,1.42107,0.84363,1.537,0.00112908,0.00112908,0.00112908
55,550.933,1.41595,0.98811,1.50159,0.94407,0.54876,0.60593,0.36373,1.3873,0.87733,1.52791,0.00112342,0.00112342,0.00112342
56,560.818,1.45285,0.99861,1.51906,0.94476,0.54971,0.63458,0.37615,1.39388,0.84126,1.53009,0.00111776,0.00111776,0.00111776
57,570.569,1.43191,0.98438,1.5007,0.93626,0.56263,0.6436,0.38258,1.4451,0.84472,1.55873,0.0011121,0.0011121,0.0011121
58,580.293,1.4106,0.9867,1.48615,0.93253,0.5622,0.62143,0.37173,1.43811,0.87605,1.56433,0.00110645,0.00110645,0.00110645
59,590.075,1.40777,0.96217,1.48842,0.93639,0.5676,0.62243,0.36455,1.44378,0.81613,1.5397,0.00110079,0.00110079,0.00110079
60,599.825,1.39434,0.95307,1.48852,0.93052,0.56658,0.62258,0.3722,1.39183,0.84165,1.54765,0.00109513,0.00109513,0.00109513
61,609.56,1.39658,0.9505,1.47329,0.92846,0.57232,0.61284,0.35942,1.42335,0.83934,1.52016,0.00108947,0.00108947,0.00108947
62,619.326,1.38511,0.96379,1.47709,0.92283,0.58537,0.61555,0.3749,1.39146,0.83414,1.51973,0.00108381,0.00108381,0.00108381
63,629.068,1.40067,0.95331,1.48277,0.94769,0.56318,0.62014,0.36532,1.40012,0.83674,1.52139,0.00107815,0.00107815,0.00107815
64,638.931,1.37127,0.92419,1.4564,0.92475,0.54132,0.60635,0.35539,1.41959,0.91409,1.55328,0.00107249,0.00107249,0.00107249
65,648.784,1.37639,0.95193,1.46252,0.94244,0.5652,0.62056,0.36709,1.41056,0.83758,1.51109,0.00106683,0.00106683,0.00106683
66,658.801,1.36858,0.93791,1.46093,0.95495,0.55759,0.62375,0.37978,1.40035,0.82557,1.5118,0.00106118,0.00106118,0.00106118
67,668.762,1.38178,0.916,1.45123,0.92776,0.5771,0.61138,0.3656,1.40269,0.79108,1.49768,0.00105552,0.00105552,0.00105552
68,679.013,1.39481,0.93176,1.46609,0.94198,0.58528,0.62842,0.38718,1.36908,0.79348,1.48311,0.00104986,0.00104986,0.00104986
69,690.286,1.37564,0.9245,1.4574,0.94145,0.57296,0.62327,0.37421,1.34715,0.82672,1.48697,0.0010442,0.0010442,0.0010442
70,700.107,1.35851,0.91592,1.45452,0.94343,0.56734,0.61522,0.37436,1.43986,0.82243,1.56173,0.00103854,0.00103854,0.00103854
71,709.865,1.36206,0.90448,1.44527,0.94807,0.57408,0.62314,0.38342,1.40087,0.81404,1.50463,0.00103288,0.00103288,0.00103288
72,719.655,1.34665,0.89743,1.43549,0.92727,0.56603,0.60898,0.36425,1.44107,0.84513,1.53428,0.00102722,0.00102722,0.00102722
73,729.455,1.36307,0.9151,1.45407,0.94517,0.58365,0.62796,0.38388,1.37819,0.80089,1.52855,0.00102156,0.00102156,0.00102156
74,739.261,1.37384,0.90482,1.45582,0.93065,0.58168,0.61661,0.38393,1.35334,0.80341,1.48308,0.0010159,0.0010159,0.0010159
75,749.021,1.33431,0.89603,1.43361,0.94315,0.57391,0.64553,0.3678,1.50735,0.85042,1.58114,0.00101025,0.00101025,0.00101025
76,758.835,1.32821,0.87687,1.42035,0.93462,0.59437,0.63477,0.3921,1.37135,0.75645,1.50478,0.00100459,0.00100459,0.00100459
77,768.622,1.34171,0.89506,1.43003,0.94123,0.5942,0.62652,0.3936,1.35205,0.73892,1.46019,0.000998928,0.000998928,0.000998928
78,778.392,1.33784,0.88674,1.42385,0.94351,0.59233,0.63232,0.38661,1.37346,0.75694,1.49549,0.000993269,0.000993269,0.000993269
79,788.229,1.32234,0.89731,1.42028,0.95307,0.58495,0.62437,0.38326,1.35638,0.75118,1.47045,0.00098761,0.00098761,0.00098761
80,797.985,1.33036,0.86772,1.42622,0.95506,0.58628,0.63609,0.40138,1.35678,0.74689,1.48073,0.000981952,0.000981952,0.000981952
81,807.74,1.30629,0.86698,1.41258,0.94309,0.58976,0.63045,0.39575,1.3589,0.75918,1.4882,0.000976293,0.000976293,0.000976293
82,818.028,1.29691,0.84879,1.38939,0.95082,0.57887,0.62983,0.36007,1.5137,0.79846,1.6068,0.000970634,0.000970634,0.000970634
83,828.826,1.33012,0.86846,1.41057,0.94278,0.5973,0.6294,0.3949,1.32312,0.76432,1.47697,0.000964975,0.000964975,0.000964975
84,838.544,1.29537,0.85379,1.39297,0.92986,0.58358,0.61854,0.38357,1.33072,0.78335,1.47464,0.000959316,0.000959316,0.000959316
85,848.24,1.31215,0.86098,1.40529,0.95333,0.56986,0.63318,0.39098,1.35649,0.7735,1.50026,0.000953657,0.000953657,0.000953657
86,857.969,1.29939,0.85429,1.40232,0.91448,0.57432,0.62465,0.37847,1.36767,0.84864,1.49034,0.000947999,0.000947999,0.000947999
87,867.749,1.29295,0.84397,1.38386,0.95562,0.58962,0.6296,0.39843,1.3109,0.73502,1.446,0.00094234,0.00094234,0.00094234
88,877.52,1.28435,0.84145,1.3898,0.93532,0.6144,0.63365,0.40056,1.31733,0.71763,1.44181,0.000936681,0.000936681,0.000936681
89,887.294,1.29161,0.80562,1.37704,0.96064,0.59672,0.63109,0.3943,1.33133,0.73517,1.4648,0.000931022,0.000931022,0.000931022
90,897.06,1.26451,0.83659,1.38943,0.92478,0.58254,0.61595,0.38408,1.3425,0.79346,1.45805,0.000925363,0.000925363,0.000925363
91,906.875,1.26053,0.82568,1.38336,0.95714,0.59404,0.63365,0.40613,1.32133,0.72962,1.4248,0.000919704,0.000919704,0.000919704
92,916.618,1.26958,0.8293,1.37848,0.94622,0.58838,0.63095,0.3937,1.36241,0.71222,1.46662,0.000914046,0.000914046,0.000914046
93,926.301,1.26334,0.8066,1.36686,0.96678,0.59325,0.62866,0.40485,1.3034,0.73493,1.42312,0.000908387,0.000908387,0.000908387
94,936.082,1.2715,0.83142,1.36764,0.96282,0.59966,0.63369,0.40502,1.31606,0.7094,1.44266,0.000902728,0.000902728,0.000902728
95,946.014,1.26194,0.82993,1.37403,0.93709,0.60132,0.63088,0.38402,1.35461,0.75729,1.48804,0.000897069,0.000897069,0.000897069
96,956.44,1.25345,0.8198,1.36366,0.95309,0.59521,0.63203,0.39979,1.33164,0.73757,1.46393,0.00089141,0.00089141,0.00089141
97,967.137,1.25861,0.80176,1.37142,0.9604,0.59604,0.64009,0.40739,1.31113,0.72135,1.44513,0.000885751,0.000885751,0.000885751
98,977.027,1.23442,0.78834,1.34419,0.95943,0.60194,0.63391,0.4058,1.2768,0.71005,1.42976,0.000880093,0.000880093,0.000880093
99,986.798,1.2299,0.77938,1.33667,0.9476,0.60229,0.63525,0.40947,1.29255,0.72978,1.42351,0.000874434,0.000874434,0.000874434
100,996.596,1.20282,0.77835,1.33818,0.95034,0.60499,0.62949,0.40541,1.27417,0.71707,1.42845,0.000868775,0.000868775,0.000868775
101,1006.37,1.24344,0.7973,1.34828,0.95947,0.59554,0.62885,0.4024,1.27555,0.72526,1.41226,0.000863116,0.000863116,0.000863116
102,1016.15,1.26293,0.80626,1.35637,0.958,0.603,0.63039,0.41179,1.2903,0.7184,1.41776,0.000857457,0.000857457,0.000857457
103,1025.97,1.20362,0.77731,1.32313,0.94729,0.59805,0.63799,0.40887,1.27241,0.70226,1.43103,0.000851798,0.000851798,0.000851798
104,1035.66,1.2164,0.78011,1.33761,0.9619,0.59179,0.65235,0.41319,1.30765,0.71703,1.46527,0.000846139,0.000846139,0.000846139
105,1045.38,1.22283,0.77721,1.33952,0.94893,0.60607,0.63367,0.41165,1.28252,0.70098,1.41546,0.000840481,0.000840481,0.000840481
106,1055.14,1.19911,0.76237,1.325,0.94153,0.59282,0.67868,0.43081,1.30833,0.73434,1.43551,0.000834822,0.000834822,0.000834822
107,1065.08,1.20274,0.78124,1.33708,0.95526,0.61136,0.63321,0.40945,1.26992,0.69095,1.38822,0.000829163,0.000829163,0.000829163
108,1074.91,1.2062,0.78164,1.32483,0.95098,0.58529,0.63011,0.40948,1.28673,0.72135,1.40596,0.000823504,0.000823504,0.000823504
109,1084.69,1.18827,0.75809,1.31566,0.96239,0.59399,0.63039,0.40604,1.28753,0.70993,1.40935,0.000817845,0.000817845,0.000817845
110,1095,1.20219,0.77549,1.32638,0.9611,0.59883,0.69042,0.44065,1.25517,0.70006,1.37446,0.000812186,0.000812186,0.000812186
111,1106.42,1.19553,0.77428,1.3339,0.95787,0.6087,0.64645,0.42527,1.26429,0.69198,1.38473,0.000806528,0.000806528,0.000806528
112,1116.31,1.18696,0.74648,1.31651,0.95717,0.60432,0.65344,0.4246,1.23973,0.68048,1.37027,0.000800869,0.000800869,0.000800869
113,1126.16,1.18165,0.7615,1.31587,0.96501,0.60505,0.65052,0.42862,1.23881,0.69209,1.36229,0.00079521,0.00079521,0.00079521
114,1135.97,1.19175,0.76681,1.31922,0.95008,0.59277,0.6299,0.40599,1.28566,0.71602,1.42367,0.000789551,0.000789551,0.000789551
115,1145.82,1.17876,0.74904,1.31069,0.95344,0.59593,0.63212,0.42062,1.25442,0.69883,1.3825,0.000783892,0.000783892,0.000783892
116,1155.79,1.18639,0.76875,1.31206,0.95777,0.59217,0.63753,0.41337,1.29495,0.69934,1.4033,0.000778233,0.000778233,0.000778233
117,1165.69,1.1736,0.76216,1.31072,0.95333,0.58947,0.63596,0.40961,1.27774,0.69287,1.39607,0.000772575,0.000772575,0.000772575
118,1175.53,1.18023,0.75521,1.29787,0.95326,0.61204,0.63791,0.41223,1.26592,0.64661,1.38421,0.000766916,0.000766916,0.000766916
119,1185.41,1.19754,0.74359,1.30978,0.95987,0.60526,0.64838,0.43177,1.20654,0.64839,1.34144,0.000761257,0.000761257,0.000761257
120,1195.25,1.18921,0.75589,1.30786,0.96747,0.59776,0.63663,0.42048,1.23982,0.67338,1.37906,0.000755598,0.000755598,0.000755598
121,1205.07,1.18272,0.76307,1.30844,0.95591,0.60597,0.63717,0.41213,1.2762,0.67793,1.42197,0.000749939,0.000749939,0.000749939
122,1214.92,1.17209,0.75235,1.29534,0.9689,0.60759,0.6392,0.42771,1.20257,0.67303,1.35195,0.00074428,0.00074428,0.00074428
123,1224.72,1.16233,0.73597,1.29204,0.94995,0.61377,0.63782,0.41989,1.25787,0.65908,1.37727,0.000738622,0.000738622,0.000738622
124,1235.25,1.12884,0.71113,1.29364,0.96163,0.60271,0.63818,0.41099,1.24936,0.65434,1.38571,0.000732963,0.000732963,0.000732963
125,1245.07,1.16138,0.73541,1.29889,0.9559,0.60605,0.63488,0.41088,1.28534,0.68507,1.40913,0.000727304,0.000727304,0.000727304
126,1254.93,1.1773,0.74034,1.30356,0.95563,0.60641,0.63328,0.41359,1.26933,0.68078,1.38571,0.000721645,0.000721645,0.000721645
127,1264.75,1.15142,0.73078,1.2879,0.96929,0.60821,0.63687,0.4175,1.23746,0.6668,1.37829,0.000715986,0.000715986,0.000715986
128,1274.56,1.1427,0.72801,1.29301,0.9628,0.61015,0.635,0.42006,1.22596,0.6531,1.36256,0.000710327,0.000710327,0.000710327
129,1284.44,1.14423,0.72695,1.28714,0.95994,0.60874,0.63917,0.42252,1.21055,0.63152,1.35012,0.000704668,0.000704668,0.000704668
130,1294.33,1.14313,0.71909,1.27975,0.96451,0.60704,0.63693,0.42161,1.25225,0.6577,1.36205,0.00069901,0.00069901,0.00069901
131,1304.22,1.15012,0.73007,1.27671,0.96856,0.6138,0.63977,0.4212,1.24951,0.65325,1.37109,0.000693351,0.000693351,0.000693351
132,1314.01,1.13181,0.72092,1.27812,0.97577,0.60337,0.6379,0.4318,1.20478,0.64025,1.331,0.000687692,0.000687692,0.000687692
133,1323.9,1.13414,0.71794,1.27164,0.96952,0.59566,0.63848,0.42286,1.2513,0.64521,1.37473,0.000682033,0.000682033,0.000682033
134,1333.75,1.11127,0.70013,1.26824,0.96275,0.61379,0.63771,0.42827,1.23039,0.66485,1.37507,0.000676374,0.000676374,0.000676374
135,1343.6,1.12464,0.70155,1.26465,0.97063,0.60684,0.63711,0.43008,1.21964,0.6552,1.35355,0.000670715,0.000670715,0.000670715
136,1353.49,1.10425,0.69824,1.25605,0.9667,0.61122,0.64014,0.42856,1.22748,0.63907,1.36029,0.000665057,0.000665057,0.000665057
137,1363.33,1.12218,0.70882,1.2667,0.96539,0.61711,0.63827,0.42613,1.19956,0.6339,1.33321,0.000659398,0.000659398,0.000659398
138,1373.86,1.1365,0.71849,1.27267,0.9666,0.61027,0.63961,0.42835,1.2137,0.64248,1.35269,0.000653739,0.000653739,0.000653739
139,1385.57,1.12188,0.70108,1.27557,0.97321,0.60643,0.63844,0.43317,1.2028,0.64358,1.33629,0.00064808,0.00064808,0.00064808
140,1395.4,1.1088,0.71165,1.26608,0.96657,0.61059,0.63262,0.41798,1.28681,0.70193,1.41428,0.000642421,0.000642421,0.000642421
141,1405.25,1.10347,0.70593,1.26092,0.96198,0.61425,0.64026,0.43036,1.21486,0.64482,1.35639,0.000636762,0.000636762,0.000636762
142,1415,1.12086,0.69522,1.26486,0.96964,0.61051,0.63677,0.42271,1.25167,0.64849,1.38468,0.000631104,0.000631104,0.000631104
143,1424.83,1.10641,0.70415,1.26054,0.96272,0.61602,0.64313,0.42521,1.23576,0.64855,1.37906,0.000625445,0.000625445,0.000625445
144,1434.61,1.09597,0.6799,1.24466,0.96535,0.6184,0.64256,0.42591,1.22499,0.63443,1.35001,0.000619786,0.000619786,0.000619786
145,1444.26,1.1057,0.69505,1.24927,0.97225,0.61636,0.63942,0.42479,1.22821,0.63674,1.3581,0.000614127,0.000614127,0.000614127
146,1454.08,1.08984,0.69888,1.25728,0.96236,0.60979,0.63514,0.42734,1.19824,0.64689,1.33914,0.000608468,0.000608468,0.000608468
147,1463.95,1.10288,0.69793,1.25948,0.96654,0.59431,0.63408,0.43564,1.15921,0.64898,1.3108,0.000602809,0.000602809,0.000602809
148,1473.83,1.09962,0.69428,1.25322,0.96741,0.60883,0.6406,0.43792,1.18582,0.62344,1.33854,0.000597151,0.000597151,0.000597151
149,1483.61,1.06479,0.68363,1.22843,0.96525,0.60825,0.63644,0.43382,1.18959,0.64495,1.33756,0.000591492,0.000591492,0.000591492
150,1493.4,1.09541,0.69259,1.24628,0.97206,0.61348,0.64485,0.4349,1.20183,0.61789,1.35794,0.000585833,0.000585833,0.000585833
151,1503.17,1.08894,0.67279,1.2347,0.97676,0.60381,0.64018,0.43308,1.20523,0.62551,1.34318,0.000580174,0.000580174,0.000580174
152,1513.33,1.05583,0.67374,1.22628,0.97645,0.60277,0.64289,0.43198,1.22507,0.64537,1.36064,0.000574515,0.000574515,0.000574515
153,1524.02,1.07445,0.67749,1.23077,0.9723,0.60963,0.64559,0.43273,1.18445,0.63462,1.33376,0.000568856,0.000568856,0.000568856
154,1533.88,1.06788,0.67502,1.22824,0.9741,0.60893,0.64345,0.43123,1.22369,0.64193,1.36509,0.000563197,0.000563197,0.000563197
155,1543.63,1.0617,0.66141,1.22115,0.97232,0.61716,0.64345,0.43107,1.18947,0.62386,1.33181,0.000557539,0.000557539,0.000557539
156,1553.71,1.0835,0.67418,1.25016,0.96603,0.61041,0.63634,0.42842,1.22089,0.64546,1.36595,0.00055188,0.00055188,0.00055188
157,1563.7,1.08059,0.67194,1.23845,0.97714,0.60626,0.64046,0.43708,1.18236,0.62334,1.33062,0.000546221,0.000546221,0.000546221
158,1573.5,1.06541,0.66586,1.22574,0.97406,0.60883,0.64904,0.43471,1.20508,0.63428,1.35195,0.000540562,0.000540562,0.000540562
159,1583.38,1.08635,0.67481,1.23151,0.97774,0.61585,0.652,0.4393,1.21763,0.63133,1.34687,0.000534903,0.000534903,0.000534903
160,1593.15,1.04245,0.66488,1.22219,0.9762,0.60623,0.64435,0.43256,1.2395,0.62874,1.37061,0.000529244,0.000529244,0.000529244
161,1602.89,1.03969,0.65932,1.21603,0.97372,0.61489,0.64286,0.43665,1.22056,0.63222,1.34696,0.000523586,0.000523586,0.000523586
162,1612.65,1.0497,0.66265,1.2174,0.97436,0.61444,0.6437,0.43823,1.17527,0.64031,1.31577,0.000517927,0.000517927,0.000517927
163,1622.41,1.06049,0.6569,1.22522,0.96879,0.61535,0.64283,0.43945,1.17272,0.61758,1.31087,0.000512268,0.000512268,0.000512268
164,1632.22,1.0429,0.66662,1.22494,0.97424,0.60858,0.64765,0.44072,1.18021,0.62826,1.31981,0.000506609,0.000506609,0.000506609
165,1641.97,1.04001,0.64575,1.21067,0.97235,0.60803,0.64451,0.43875,1.21004,0.64349,1.33349,0.00050095,0.00050095,0.00050095
166,1652.49,1.05213,0.65625,1.21645,0.97568,0.61236,0.65678,0.45334,1.16752,0.62006,1.31064,0.000495291,0.000495291,0.000495291
167,1663.87,1.03286,0.65797,1.21313,0.98015,0.60818,0.648,0.44971,1.14306,0.61655,1.28878,0.000489633,0.000489633,0.000489633
168,1673.63,1.04739,0.64073,1.20492,0.97914,0.60529,0.6447,0.44403,1.13458,0.61605,1.28063,0.000483974,0.000483974,0.000483974
169,1683.36,1.02407,0.64293,1.20976,0.97362,0.62181,0.64644,0.44197,1.16615,0.61142,1.31409,0.000478315,0.000478315,0.000478315
170,1693.11,1.05103,0.65208,1.21331,0.97543,0.61924,0.64792,0.44918,1.1375,0.58822,1.29213,0.000472656,0.000472656,0.000472656
171,1702.92,1.02116,0.63696,1.19927,0.96868,0.62774,0.65064,0.44395,1.15073,0.58834,1.30451,0.000466997,0.000466997,0.000466997
172,1712.68,1.02258,0.63499,1.19984,0.97261,0.62127,0.64856,0.44809,1.1501,0.59846,1.31022,0.000461338,0.000461338,0.000461338
173,1722.5,1.03104,0.64059,1.20922,0.974,0.61497,0.6469,0.44815,1.14468,0.60467,1.29523,0.00045568,0.00045568,0.00045568
174,1732.29,1.00637,0.63749,1.1914,0.96767,0.62018,0.64679,0.4429,1.13404,0.61364,1.28681,0.000450021,0.000450021,0.000450021
175,1742.01,1.00842,0.63642,1.19322,0.97751,0.61636,0.64589,0.44433,1.13975,0.60324,1.28408,0.000444362,0.000444362,0.000444362
176,1751.71,1.02617,0.62958,1.20164,0.96881,0.61678,0.64594,0.44607,1.12287,0.59827,1.27415,0.000438703,0.000438703,0.000438703
177,1761.49,0.99813,0.63046,1.1823,0.96468,0.62814,0.64961,0.44831,1.14228,0.59658,1.28202,0.000433044,0.000433044,0.000433044
178,1771.19,1.00242,0.63178,1.1923,0.97281,0.62245,0.64547,0.44238,1.14896,0.60054,1.30736,0.000427385,0.000427385,0.000427385
179,1780.92,1.01148,0.61915,1.19992,0.97425,0.61713,0.64623,0.44857,1.13986,0.59677,1.29149,0.000421726,0.000421726,0.000421726
180,1791.34,1.01847,0.64761,1.19768,0.97203,0.62117,0.64755,0.44774,1.12691,0.57716,1.27938,0.000416068,0.000416068,0.000416068
181,1803.04,1.00088,0.62611,1.18667,0.97301,0.62471,0.64949,0.44775,1.1293,0.58212,1.27497,0.000410409,0.000410409,0.000410409
182,1812.91,0.98943,0.61992,1.17384,0.97446,0.62885,0.64818,0.44811,1.13469,0.55768,1.28243,0.00040475,0.00040475,0.00040475
183,1822.67,1.01063,0.63406,1.1896,0.97128,0.62905,0.64619,0.44598,1.13926,0.56927,1.30484,0.000399091,0.000399091,0.000399091
184,1832.45,1.01251,0.63845,1.19506,0.97228,0.62992,0.64804,0.44836,1.13548,0.55663,1.28269,0.000393432,0.000393432,0.000393432
185,1842.21,1.00367,0.61601,1.18222,0.97386,0.61988,0.64453,0.44657,1.14989,0.56273,1.29688,0.000387773,0.000387773,0.000387773
186,1851.94,1.00552,0.61976,1.18285,0.98402,0.61769,0.64837,0.4525,1.09924,0.57306,1.26229,0.000382115,0.000382115,0.000382115
187,1861.72,1.00286,0.63053,1.18219,0.96701,0.61816,0.64384,0.44803,1.12089,0.60278,1.27225,0.000376456,0.000376456,0.000376456
188,1871.44,0.99578,0.61874,1.18094,0.97913,0.62116,0.64687,0.44909,1.1223,0.56924,1.28775,0.000370797,0.000370797,0.000370797
189,1881.3,1.00074,0.60731,1.18831,0.97356,0.62366,0.64632,0.44634,1.14266,0.59152,1.29179,0.000365138,0.000365138,0.000365138
190,1891.11,0.99631,0.62599,1.1874,0.97862,0.62206,0.64713,0.44852,1.13149,0.57635,1.28701,0.000359479,0.000359479,0.000359479
191,1900.87,0.98469,0.60623,1.17715,0.98506,0.62413,0.64782,0.44836,1.13117,0.58199,1.29718,0.00035382,0.00035382,0.00035382
192,1910.6,0.98084,0.61012,1.18142,0.98256,0.62007,0.64712,0.45442,1.1093,0.57087,1.2616,0.000348162,0.000348162,0.000348162
193,1920.38,0.98599,0.61262,1.17981,0.98312,0.62385,0.64719,0.45155,1.10985,0.5565,1.25852,0.000342503,0.000342503,0.000342503
194,1930.51,0.98194,0.6058,1.17614,0.97763,0.61732,0.64525,0.44854,1.1311,0.5776,1.2865,0.000336844,0.000336844,0.000336844
195,1941.09,0.96715,0.60879,1.16088,0.98582,0.61637,0.64698,0.44999,1.13972,0.56237,1.28979,0.000331185,0.000331185,0.000331185
196,1950.79,0.97236,0.60555,1.1648,0.97343,0.62127,0.6446,0.45103,1.13039,0.5805,1.28199,0.000325526,0.000325526,0.000325526
197,1960.56,0.97125,0.61181,1.16183,0.9792,0.61374,0.64368,0.45336,1.1263,0.58022,1.27456,0.000319867,0.000319867,0.000319867
198,1970.36,0.97309,0.60911,1.17617,0.97449,0.62669,0.64733,0.45271,1.13501,0.56807,1.29192,0.000314209,0.000314209,0.000314209
199,1980.16,0.96095,0.59745,1.15939,0.98143,0.6233,0.64939,0.4539,1.13017,0.56439,1.28713,0.00030855,0.00030855,0.00030855
200,1989.98,0.97435,0.60551,1.17313,0.98248,0.61428,0.64612,0.45765,1.10168,0.56698,1.25133,0.000302891,0.000302891,0.000302891
201,1999.75,0.98651,0.61399,1.17116,0.9821,0.62167,0.64781,0.45812,1.09244,0.57168,1.2679,0.000297232,0.000297232,0.000297232
202,2009.53,0.95986,0.60667,1.17366,0.98035,0.62582,0.64817,0.45735,1.10573,0.56622,1.26979,0.000291573,0.000291573,0.000291573
203,2019.28,0.96006,0.60136,1.16403,0.98239,0.62238,0.64548,0.45237,1.12539,0.55816,1.28767,0.000285914,0.000285914,0.000285914
204,2029.1,0.95482,0.60707,1.16277,0.97296,0.62528,0.64649,0.45038,1.14428,0.57699,1.30325,0.000280255,0.000280255,0.000280255
205,2038.91,0.94155,0.58656,1.15494,0.97949,0.61829,0.64924,0.45475,1.11589,0.54622,1.28465,0.000274597,0.000274597,0.000274597
206,2048.72,0.96257,0.60827,1.15651,0.98372,0.61692,0.64766,0.4567,1.09901,0.58509,1.26301,0.000268938,0.000268938,0.000268938
207,2058.49,0.97108,0.60905,1.17056,0.98528,0.61697,0.64713,0.45203,1.13242,0.59117,1.28926,0.000263279,0.000263279,0.000263279
208,2069.04,0.92668,0.58029,1.14838,0.98342,0.61091,0.64796,0.45593,1.09864,0.55716,1.2676,0.00025762,0.00025762,0.00025762
209,2078.95,0.95189,0.5896,1.15316,0.97901,0.61623,0.64822,0.45491,1.11341,0.57337,1.28111,0.000251961,0.000251961,0.000251961
210,2088.77,0.94929,0.6015,1.15492,0.63957,0.62415,0.64783,0.45582,1.12155,0.56209,1.2808,0.000246302,0.000246302,0.000246302
211,2098.61,0.96177,0.59586,1.15789,0.98251,0.62229,0.64754,0.45534,1.10612,0.5706,1.26425,0.000240644,0.000240644,0.000240644
212,2108.37,0.93287,0.59698,1.1507,0.98125,0.61556,0.64811,0.4549,1.11913,0.56242,1.268,0.000234985,0.000234985,0.000234985
213,2118.14,0.93724,0.59725,1.15842,0.97531,0.62907,0.64857,0.45819,1.10373,0.54831,1.26417,0.000229326,0.000229326,0.000229326
214,2127.88,0.93859,0.59133,1.15073,0.98534,0.62012,0.64744,0.4584,1.1033,0.5736,1.27268,0.000223667,0.000223667,0.000223667
215,2137.55,0.94947,0.60025,1.1598,0.65098,0.62308,0.64743,0.45704,1.09541,0.56988,1.26549,0.000218008,0.000218008,0.000218008
216,2147.31,0.92828,0.57906,1.14618,0.98054,0.62138,0.64796,0.45755,1.10528,0.56708,1.26732,0.000212349,0.000212349,0.000212349
217,2157.14,0.93237,0.57185,1.14745,0.97398,0.62594,0.64992,0.45844,1.07434,0.55877,1.24606,0.000206691,0.000206691,0.000206691
218,2167.05,0.92171,0.57295,1.13895,0.98589,0.61828,0.65104,0.46242,1.09356,0.57081,1.25204,0.000201032,0.000201032,0.000201032
219,2176.78,0.911,0.57456,1.12562,0.9841,0.62133,0.64727,0.45813,1.0873,0.56453,1.255,0.000195373,0.000195373,0.000195373
220,2186.53,0.92581,0.58946,1.15637,0.98965,0.61951,0.64712,0.46013,1.09203,0.55988,1.25833,0.000189714,0.000189714,0.000189714
221,2196.38,0.91775,0.57557,1.1376,0.98767,0.61856,0.64886,0.46105,1.07335,0.5428,1.25278,0.000184055,0.000184055,0.000184055
222,2206.93,0.91963,0.5759,1.13446,0.98654,0.61961,0.64883,0.45922,1.08395,0.56272,1.26086,0.000178396,0.000178396,0.000178396
223,2217.73,0.9257,0.57561,1.14676,0.97981,0.62037,0.64866,0.45652,1.10851,0.56467,1.26684,0.000172738,0.000172738,0.000172738
224,2227.51,0.93502,0.59399,1.14402,0.98263,0.62133,0.64789,0.45454,1.12313,0.56959,1.27347,0.000167079,0.000167079,0.000167079
225,2237.3,0.92451,0.57976,1.13677,0.98692,0.6251,0.64962,0.45753,1.11033,0.56487,1.26156,0.00016142,0.00016142,0.00016142
226,2247.09,0.93085,0.58048,1.1453,0.98677,0.62277,0.65019,0.46166,1.08217,0.55527,1.2395,0.000155761,0.000155761,0.000155761
227,2256.92,0.90877,0.56458,1.1341,0.98664,0.62304,0.65216,0.46354,1.07838,0.55367,1.24348,0.000150102,0.000150102,0.000150102
228,2266.68,0.91852,0.5757,1.14566,0.98157,0.6327,0.65059,0.46345,1.06919,0.54557,1.24195,0.000144443,0.000144443,0.000144443
229,2276.44,0.91085,0.57706,1.13239,0.97864,0.63301,0.651,0.46385,1.08797,0.5387,1.25874,0.000138784,0.000138784,0.000138784
230,2286.27,0.9002,0.57179,1.12717,0.98687,0.62156,0.65102,0.46272,1.09774,0.55103,1.25828,0.000133126,0.000133126,0.000133126
231,2296.01,0.90434,0.5679,1.12651,0.98315,0.62373,0.65128,0.45997,1.09413,0.54485,1.25567,0.000127467,0.000127467,0.000127467
232,2305.83,0.90098,0.5568,1.1274,0.98494,0.62295,0.64988,0.46061,1.10103,0.54643,1.25809,0.000121808,0.000121808,0.000121808
233,2315.6,0.88191,0.56272,1.1165,0.98193,0.62684,0.65047,0.46185,1.08504,0.54609,1.24775,0.000116149,0.000116149,0.000116149
234,2325.39,0.91415,0.56781,1.13795,0.98015,0.62601,0.65058,0.46364,1.07526,0.54669,1.24218,0.00011049,0.00011049,0.00011049
235,2335.25,0.9116,0.55904,1.14075,0.98345,0.62618,0.65007,0.46587,1.07392,0.54525,1.24237,0.000104831,0.000104831,0.000104831
236,2345.82,0.90824,0.57698,1.12765,0.98551,0.6256,0.65027,0.4622,1.09236,0.54088,1.25447,9.91726e-05,9.91726e-05,9.91726e-05
237,2357.2,0.89767,0.5584,1.12149,0.98239,0.62729,0.64982,0.4621,1.08859,0.54375,1.25287,9.35138e-05,9.35138e-05,9.35138e-05
238,2367.11,0.91187,0.57267,1.13488,0.98949,0.62067,0.65031,0.46184,1.08386,0.54689,1.24704,8.78549e-05,8.78549e-05,8.78549e-05
239,2376.86,0.8926,0.56552,1.12013,0.652,0.62469,0.65108,0.46211,1.08964,0.54084,1.25114,8.21961e-05,8.21961e-05,8.21961e-05
240,2386.67,0.89934,0.56234,1.13258,0.98721,0.62582,0.65242,0.46679,1.08696,0.5351,1.24723,7.65372e-05,7.65372e-05,7.65372e-05
241,2417.18,0.86355,0.491,1.10628,0.97967,0.62453,0.64933,0.45952,1.09281,0.54522,1.25968,7.08784e-05,7.08784e-05,7.08784e-05
242,2426.74,0.80556,0.44339,1.07481,0.98191,0.62603,0.6514,0.45108,1.1456,0.56076,1.30018,6.52196e-05,6.52196e-05,6.52196e-05
243,2436.29,0.80494,0.44657,1.07035,0.98309,0.62367,0.65273,0.4578,1.12581,0.56169,1.28101,5.95607e-05,5.95607e-05,5.95607e-05
244,2445.82,0.78257,0.42888,1.06552,0.65335,0.62192,0.65345,0.46118,1.10606,0.5657,1.26279,5.39019e-05,5.39019e-05,5.39019e-05
245,2455.32,0.77554,0.42279,1.0604,0.64404,0.62791,0.65317,0.4617,1.09912,0.57337,1.25829,4.8243e-05,4.8243e-05,4.8243e-05
246,2464.82,0.76072,0.41904,1.04924,0.98308,0.61986,0.65194,0.46296,1.09437,0.57353,1.25753,4.25842e-05,4.25842e-05,4.25842e-05
247,2474.36,0.76766,0.4274,1.05278,0.98048,0.62106,0.65226,0.46282,1.09444,0.57317,1.25667,3.69254e-05,3.69254e-05,3.69254e-05
248,2484.52,0.77267,0.42232,1.06058,0.9806,0.61716,0.6511,0.46325,1.08937,0.57222,1.25279,3.12665e-05,3.12665e-05,3.12665e-05
249,2494.98,0.76037,0.42507,1.05091,0.98333,0.61629,0.65138,0.46283,1.08898,0.56887,1.2526,2.56077e-05,2.56077e-05,2.56077e-05
250,2504.56,0.75102,0.4157,1.03865,0.98514,0.61716,0.65303,0.46491,1.08366,0.56798,1.24953,1.99488e-05,1.99488e-05,1.99488e-05
